{"schemaVersion":"1.0","appDefinitionTemplate":{"id":"/providers/Microsoft.PowerApps/apps/","type":"Microsoft.PowerApps/apps","tags":{"primaryDeviceWidth":"640","primaryDeviceHeight":"1136","supportsPortrait":"true","supportsLandscape":"true","primaryFormFactor":"Phone","showStatusBar":"false","publisherVersion":"3.24032.26","minimumRequiredApiVersion":"2.2.0","hasComponent":"false","hasUnlockedComponent":"false","isUnifiedRootApp":"false","sienaVersion":"20240331T202423Z-3.24032.26.0"},"properties":{"appVersion":"2024-03-31T20:24:23Z","lifeCycleId":"Published","createdByClientVersion":{"major":3,"minor":24032,"build":26,"revision":0,"majorRevision":0,"minorRevision":0},"minClientVersion":{"major":3,"minor":24032,"build":26,"revision":0,"majorRevision":0,"minorRevision":0},"backgroundColor":"RGBA(0,176,240,1)","backgroundImageUri":"/11427517846036123823/N459af19a-6a25-4e84-b4f3-48eabafefd72-logoSmallFile","displayName":"Plural English","description":"","commitMessage":"","appUris":{"documentUri":{"value":"/11427517846036123823/N466f245c-8299-4579-b5fc-5505068bfd07-document.msapp"},"imageUris":[],"additionalUris":[{"isSolutionAware":false,"value":"/11427517846036123823/N189a23fd-ce17-4cd4-a3e4-c797281fc093-identity.json"}]},"createdTime":"0001-01-01T00:00:00Z","lastModifiedTime":"0001-01-01T00:00:00Z","sharedGroupsCount":0,"sharedUsersCount":0,"connectionReferences":{},"databaseReferences":{},"almMode":"Solution","performanceOptimizationEnabled":true,"canConsumeAppPass":false,"enableModernRuntimeMode":false,"executionRestrictions":{"isTeamsOnly":false,"dataLossPreventionEvaluationResult":{"status":"Compliant","lastEvaluationDate":"2024-03-25T16:06:20.0272361Z","violations":[],"violationsByPolicy":[],"violationErrorMessage":"The app uses the following connectors: ."}}},"appType":"ClassicCanvasApp","appComponents":[]}}